Date	StartTime	0EID	Box	0000000AID	BodyWeight	SessionLength	FixedRatio	ActiveLick	InactiveLick	Infusion	SaccConc	SADrug	intake	demolick	ObPoke	DmPoke	Day	Note
04/22/2019	9:34:34	oxyWLI100F	12	6FC23AC0054D	180	3600	5	294	269	18	0				oxy_pt100mg_mloxyav_fr5_6h	0	1	0
04/23/2019	10:18:41	oxyWLI100F	12	6FC23AC0054D	182	3600	5	95	54	5	0				oxy_pt100mg_mloxyav_fr5_6h	0	2	0
04/24/2019	9:22:04	oxyWLI100F	12	6FC23AC0054D	185	3600	5	199	55	9	0				oxy_pt100mg_mloxyav_fr5_6h	0	3	0
04/25/2019	9:48:54	oxyWLI100F	12	6FC23AC0054D	188	3600	5	178	122	7	0				oxy_pt100mg_mloxyav_fr5_1h	0	4	0
04/26/2019	15:56:43	oxyWLI100F	12	6FC23AC0054D	194	3600	5	218	39	8	0				oxy_pt100mg_mloxyav_fr5_1h	0	5	0
05/01/19	9:52:51	oxyWLI100F	4	6FC23AC0054D	192	21600	5	963		93	0				oxy_pt100mg_mloxyav_fr5_6h	0	6	0
05/06/19	10:26:12	oxyWLI100F	4	6FC23AC0054D	203	21600	5	1016		97	0				oxy_pt100mg_mloxyav_fr5_6h	0	8	0
05/10/19	9:37:58	oxyWLI100F	4	6FC23AC0054D	209	21600	5	2437		144	0				oxy_pt100mg_mloxyav_fr5_6h	0	7	0
05/15/2019	9:48:47	oxyWLI100F	12	6FC23AC0054D	216	21600	5	1677	137	130	0				oxy_pt100mg_mloxyav_fr5_6h	0	9	0
05/17/2019	9:25:56	oxyWLI100F	12	6FC23AC0054D	217	21600	5	1136	22	126	0				oxy_pt100mg_mloxyav_fr5_6h	0	10	0
05/20/19	9:29:09	oxyWLI100F	12	6FC23AC0054D	219	21600	5	1159	44	90	0				oxy_pt100mg_mloxyav_fr5_6h	0	11	0
05/22/2019	9:53:35	oxyWLI100F	12	6FC23AC0054D	224	21600	5	1130	21	96	0				oxy_pt100mg_mloxyav_fr5_6h	0	12	0
05/24/2019	9:50:53	oxyWLI100F	12	6FC23AC0054D	229	21600	5	1084	69	71	0				oxy_pt100mg_mloxyav_fr5_6h	0	13	0
05/27/2019	9:29:08	oxyWLI100F	12	6FC23AC0054D	225	21600	5	1030	19	85	0				oxy_pt100mg_mloxyav_fr5_6h	0	14	0
05/29/2019	9:29:55	oxyWLI100F	12	6FC23AC0054D	228	21600	5	713	1	71	0				oxy_pt100mg_mloxyav_fr5_6h	0	15	0
04/01/2019	14:44:14	oxyWLI100F	9	6FC23AC088DF	176	3600	5	161	106	15	0				oxy_pt200mg_mloxyav_fr5	209	1	0
04/02/2019	10:31:39	oxyWLI100F	9	6FC23AC088DF	178	3600	5	107	8	7	0				oxy_pt100mg_mloxyav_fr5_1h	48	2	0
04/03/2019	10:52:22	oxyWLI100F	9	6FC23AC088DF	184	3600	5	150	27	16	0				oxy_pt100mg_mloxyav_fr5_1h	51	3	0
04/04/2019	10:57:38	oxyWLI100F	9	6FC23AC088DF	191	3600	5	87	25	9	0				oxy_pt100mg_mloxyav_fr5_1h	336	4	0
04/05/2019	10:35:08	oxyWLI100F	9	6FC23AC088DF	192	3600	5	122	31	9	0				oxy_pt100mg_mloxyav_fr5_1h	165	5	0
04/08/2019	10:18:18	oxyWLI100F	9	6FC23AC088DF	196	21600	5	1023	73	88	0				oxy_pt100mg_mloxyav_fr5_6h	1068	6	0
04/10/2019	10:16:07	oxyWLI100F	9	6FC23AC088DF	192	21600	5	498	18	53	0				oxy_pt100mg_mloxyav_fr5_6h	356	7	0
04/12/2019	9:39:29	oxyWLI100F	9	6FC23AC088DF	199	21600	5	641	23	83	0				oxy_pt100mg_mloxyav_fr5_6h	170	8	0
04/15/2019	10:43:32	oxyWLI100F	9	6FC23AC088DF	206	21600	5	940	36	119	0				oxy_pt100mg_mloxyav_fr5_6h	386	9	0
04/17/2019	9:30:24	oxyWLI100F	9	6FC23AC088DF	218	21600	5	835	56	91	0				oxy_pt100mg_mloxyav_fr5_6h	1508	10	0
04/19/2019	10:22:19	oxyWLI100F	9	6FC23AC088DF	204	21600	5	909	15	85	0				oxy_pt100mg_mloxyav_fr5_6h	234	11	0
04/22/2019	11:01:55	oxyWLI100F	9	6FC23AC088DF	205	21600	5	1097	15	133	0				oxy_pt100mg_mloxyav_fr5_6h	506	12	0
04/26/2019	9:34:43	oxyWLI100F	9	6FC23AC088DF	212	21600	5	919	7	112	0				oxy_pt100mg_mloxyav_fr5_6h	494	13	0
04/29/2019	9:41:04	oxyWLI100F	9	6FC23AC088DF	257	21600	5	1073	39	110	0				oxy_pt100mg_mloxyav_fr5_6h	173	14	0
05/01/19	10:02:34	oxyWLI100F	9	6FC23AC088DF	220	21600	5	1071	16	123	0				oxy_pt100mg_mloxyav_fr5_6h	1280	15	0
05/06/2019	13:59:10	oxyWLI100F	9	6FC23AC088DF	233	5260	10	224	4	9	0				oxy_pt100mg_mloxyav_pr	371	16	0
05/08/2019	11:04:47	oxyWLI100F	9	6FC23AC088DF	227	6665	10	164	4	7	0				oxy_pt100mg_mloxyav_pr	603	17	0
05/10/2019	11:50:51	oxyWLI100F	9	6FC23AC088DF	236	7200	10	132	4	6	0				oxy_pt100mg_mlext_2h		18	
05/13/2019	10:08:53	oxyWLI100F	9	6FC23AC088DF	234	7200	10	50		3	0				oxy_pt100mg_mlext_2h		19	
05/14/19	11:21:22	oxyWLI100F	1	6FC23AC088DF	239	7200	10	36		3	0				oxy_pt100mg_mlext_2h		20	
05/15/19	9:53:53	oxyWLI100F	1	6FC23AC088DF	240	7200	5	49		4	0				cleanspoutoxyav_fr5_2h	0	21	0
05/21/2019	14:13:01	oxyWLI100F	9	6FC23AC088DF	251	7200	5	139	137	14	0				cleanspoutoxyav_fr5_2h	9251	22	0
04/01/2019	14:44:14	oxyWLI100F	11	6FC23AC0D087	186	3600	5	184	131	14	0				oxy_pt200mg_mloxyav_fr5	0	1	0
04/02/2019	10:31:39	oxyWLI100F	11	6FC23AC0D087	175	3600	5	289	57	11	0				oxy_pt100mg_mloxyav_fr5_1h	0	2	0
04/03/2019	10:52:22	oxyWLI100F	11	6FC23AC0D087	176	3600	5	436	34	13	0				oxy_pt100mg_mloxyav_fr5_1h	0	3	0
04/04/2019	10:57:38	oxyWLI100F	11	6FC23AC0D087	184	3600	5	245	16	9	0				oxy_pt100mg_mloxyav_fr5_1h	0	4	0
04/05/2019	10:35:08	oxyWLI100F	11	6FC23AC0D087	185	3600	5	397	24	14	0				oxy_pt100mg_mloxyav_fr5_1h	0	5	0
04/08/2019	10:18:18	oxyWLI100F	11	6FC23AC0D087	190	21600	5	1186	86	88	0				oxy_pt100mg_mloxyav_fr5_6h	0	6	0
04/10/2019	10:16:07	oxyWLI100F	11	6FC23AC0D087	185	21600	5	1547	10	136	0				oxy_pt100mg_mloxyav_fr5_6h	0	7	0
04/12/2019	9:39:29	oxyWLI100F	11	6FC23AC0D087	193	21600	5	1116	38	108	0				oxy_pt100mg_mloxyav_fr5_6h	0	8	0
04/15/2019	10:43:32	oxyWLI100F	11	6FC23AC0D087	195	21600	5	1432	11	105	0				oxy_pt100mg_mloxyav_fr5_6h	0	9	0
04/17/2019	9:30:24	oxyWLI100F	11	6FC23AC0D087	218	21600	5	1819	70	106	0				oxy_pt100mg_mloxyav_fr5_6h	0	10	0
04/19/2019	10:22:19	oxyWLI100F	11	6FC23AC0D087	192	21600	5	1556	32	117	0				oxy_pt100mg_mloxyav_fr5_6h	0	11	0
04/22/2019	11:01:55	oxyWLI100F	11	6FC23AC0D087	193	21600	5	2518	36	213	0				oxy_pt100mg_mloxyav_fr5_6h	0	12	0
04/26/2019	9:34:43	oxyWLI100F	11	6FC23AC0D087	200	21600	5	2224	8	186	0				oxy_pt100mg_mloxyav_fr5_6h	0	13	0
04/29/2019	9:41:04	oxyWLI100F	11	6FC23AC0D087	257	21600	5	2220	22	160	0				oxy_pt100mg_mloxyav_fr5_6h	0	14	0
05/01/19	10:02:34	oxyWLI100F	11	6FC23AC0D087	208	21600	5	2678	41	184	0				oxy_pt100mg_mloxyav_fr5_6h	0	15	0
05/06/2019	13:59:10	oxyWLI100F	11	6FC23AC0D087	228	9724	10	743	55	14	3				oxy_pt100mg_mloxyav_pr	0	16	0
05/08/2019	11:04:47	oxyWLI100F	11	6FC23AC0D087	221	9730	10	843	45	15	2				oxy_pt100mg_mloxyav_pr	0	17	0
05/10/2019	11:50:51	oxyWLI100F	11	6FC23AC0D087	230	7200	10	174	133	12	6				oxy_pt100mg_mlext_2h		18	
05/13/2019	10:08:53	oxyWLI100F	11	6FC23AC0D087	228	7200	10	76	35	5	2				oxy_pt100mg_mlext_2h		19	
05/14/19	11:21:22	oxyWLI100F	3	6FC23AC0D087	234	7200	10	46		3	0				oxy_pt100mg_mlext_2h		20	
05/15/19	9:53:53	oxyWLI100F	3	6FC23AC0D087	236	7200	5	81		10	0				cleanspoutoxyav_fr5_2h	0	21	0
05/21/2019	14:13:01	oxyWLI100F	11	6FC23AC0D087	245	7200	5	191	53	13	0				cleanspoutoxyav_fr5_2h	0	22	0
04/01/2019	14:44:14	oxyWLI100F	10	6FC23AC0D582	181	3600	5	333	187	15	0				oxy_pt200mg_mloxyav_fr5	0	1	0
04/02/2019	10:31:39	oxyWLI100F	10	6FC23AC0D582	183	3600	5	635	239	22	0				oxy_pt100mg_mloxyav_fr5_1h	0	2	0
04/03/2019	10:52:22	oxyWLI100F	10	6FC23AC0D582	186	3600	5	551	106	25	0				oxy_pt100mg_mloxyav_fr5_1h	0	3	0
04/04/2019	10:57:38	oxyWLI100F	10	6FC23AC0D582	186	3600	5	365	56	16	0				oxy_pt100mg_mloxyav_fr5_1h	0	4	0
04/05/2019	10:35:08	oxyWLI100F	10	6FC23AC0D582	189	3600	5	402	135	15	0				oxy_pt100mg_mloxyav_fr5_1h	0	5	0
04/08/2019	10:18:18	oxyWLI100F	10	6FC23AC0D582	193	21600	5	2659	177	161	0				oxy_pt100mg_mloxyav_fr5_6h	0	6	0
04/10/2019	10:16:07	oxyWLI100F	10	6FC23AC0D582	197	21600	5	2143	96	168	0				oxy_pt100mg_mloxyav_fr5_6h	0	7	0
04/12/2019	9:39:29	oxyWLI100F	10	6FC23AC0D582	193	21600	5	1803	30	154	0				oxy_pt100mg_mloxyav_fr5_6h	0	8	0
04/15/2019	10:43:32	oxyWLI100F	10	6FC23AC0D582	207	21600	5	1154	80	99	0				oxy_pt100mg_mloxyav_fr5_6h	0	9	0
04/17/2019	9:30:24	oxyWLI100F	10	6FC23AC0D582	218	21600	5	987	43	77	0				oxy_pt100mg_mloxyav_fr5_6h	0	10	0
04/19/2019	10:22:19	oxyWLI100F	10	6FC23AC0D582	208	21600	5	2103	34	65	0				oxy_pt100mg_mloxyav_fr5_6h	0	11	0
04/22/2019	11:01:55	oxyWLI100F	10	6FC23AC0D582	210	21600	5	935	32	73	0				oxy_pt100mg_mloxyav_fr5_6h	0	12	0
04/26/2019	9:34:43	oxyWLI100F	10	6FC23AC0D582	220	21600	5	726	79	66	0				oxy_pt100mg_mloxyav_fr5_6h	0	13	0
04/29/2019	9:41:04	oxyWLI100F	10	6FC23AC0D582	257	21600	5	878	56	59	0				oxy_pt100mg_mloxyav_fr5_6h	0	14	0
05/01/19	10:02:34	oxyWLI100F	10	6FC23AC0D582	230	21600	5	921	31	71	0				oxy_pt100mg_mloxyav_fr5_6h	0	15	0
05/06/2019	13:59:10	oxyWLI100F	10	6FC23AC0D582	232	7075	10	340	9	10	0				oxy_pt100mg_mloxyav_pr	0	16	0
05/08/2019	11:04:47	oxyWLI100F	10	6FC23AC0D582	240	6600	10	266	30	10	2				oxy_pt100mg_mloxyav_pr	0	17	0
05/10/2019	11:50:51	oxyWLI100F	10	6FC23AC0D582	240	7200	10	134	106	6	8				oxy_pt100mg_mlext_2h		18	
05/13/2019	10:08:53	oxyWLI100F	10	6FC23AC0D582	242	7200	10	49	75	3	6				oxy_pt100mg_mlext_2h		19	
05/14/19	11:21:22	oxyWLI100F	2	6FC23AC0D582	241	7200	10	36		3	0				oxy_pt100mg_mlext_2h		20	
05/15/19	9:53:53	oxyWLI100F	2	6FC23AC0D582	245	7200	5	14		2	0				cleanspoutoxyav_fr5_2h	0	21	0
05/21/2019	14:13:01	oxyWLI100F	10	6FC23AC0D582	255	7200	5	598	53	27	0				cleanspoutoxyav_fr5_2h	0	22	0
04/22/2019	9:34:34	oxyWLI100F	13	6FC23AC0DF88	182	3600	5	327	163	20	0				oxy_pt100mg_mloxyav_fr5_6h	0	1	0
04/23/2019	10:18:41	oxyWLI100F	13	6FC23AC0DF88	190	3600	5	230	87	12	0				oxy_pt100mg_mloxyav_fr5_6h	0	2	0
04/24/2019	9:22:04	oxyWLI100F	13	6FC23AC0DF88	187	3600	5	96	17	9	0				oxy_pt100mg_mloxyav_fr5_6h	0	3	0
04/25/2019	9:48:54	oxyWLI100F	13	6FC23AC0DF88	190	3600	5	189	109	11	0				oxy_pt100mg_mloxyav_fr5_1h	0	4	0
04/26/2019	15:56:43	oxyWLI100F	13	6FC23AC0DF88	199	3600	5	116	15	9	0				oxy_pt100mg_mloxyav_fr5_1h	0	5	0
05/01/19	9:52:51	oxyWLI100F	5	6FC23AC0DF88	201	21600	5	689		23	0				oxy_pt100mg_mloxyav_fr5_6h	0	6	0
05/06/19	10:26:12	oxyWLI100F	5	6FC23AC0DF88	210	21600	5	854		43	0				oxy_pt100mg_mloxyav_fr5_6h	0	8	0
05/10/19	9:37:58	oxyWLI100F	5	6FC23AC0DF88	211	21600	5	1300		103	0				oxy_pt100mg_mloxyav_fr5_6h	0	7	0
05/15/2019	9:48:47	oxyWLI100F	13	6FC23AC0DF88	214	21600	5	1159	74	100	0				oxy_pt100mg_mloxyav_fr5_6h	0	9	0
05/17/2019	9:25:56	oxyWLI100F	13	6FC23AC0DF88	220	21600	5	843	47	70	0				oxy_pt100mg_mloxyav_fr5_6h	0	10	0
05/20/19	9:29:09	oxyWLI100F	13	6FC23AC0DF88	217	21600	5	1021	10	80	0				oxy_pt100mg_mloxyav_fr5_6h	0	11	0
05/22/2019	9:53:35	oxyWLI100F	13	6FC23AC0DF88	217	21600	5	1412	4	134	0				oxy_pt100mg_mloxyav_fr5_6h	0	12	0
05/24/2019	9:50:53	oxyWLI100F	13	6FC23AC0DF88	226	21600	5	1151	16	104	0				oxy_pt100mg_mloxyav_fr5_6h	0	13	0
05/27/2019	9:29:08	oxyWLI100F	13	6FC23AC0DF88	222	21600	5	1041	3	95	0				oxy_pt100mg_mloxyav_fr5_6h	0	14	0
05/29/2019	9:29:55	oxyWLI100F	13	6FC23AC0DF88	227	21600	5	1136	20	103	0				oxy_pt100mg_mloxyav_fr5_6h	0	15	0
04/22/2019	9:34:34	oxyWLI100F	14	6FC23AC0F1A6	180	3600	5	230	437	13	0				oxy_pt100mg_mloxyav_fr5_6h	0	1	0
04/23/2019	10:18:41	oxyWLI100F	14	6FC23AC0F1A6	184	3600	5	174	332	7	0				oxy_pt100mg_mloxyav_fr5_6h	0	2	0
04/24/2019	9:22:04	oxyWLI100F	14	6FC23AC0F1A6	183	3600	5	31	412	2	0				oxy_pt100mg_mloxyav_fr5_6h	0	3	0
04/25/2019	9:48:54	oxyWLI100F	14	6FC23AC0F1A6	188	3600	5	66	1054	5	0				oxy_pt100mg_mloxyav_fr5_1h	0	4	0
04/26/2019	15:56:43	oxyWLI100F	14	6FC23AC0F1A6	194	3600	5	171	132	19	0				oxy_pt100mg_mloxyav_fr5_1h	0	5	0
05/01/19	9:52:51	oxyWLI100F	6	6FC23AC0F1A6	190	21600	5	614		49	0				oxy_pt100mg_mloxyav_fr5_6h	0	6	0
05/06/19	10:26:13	oxyWLI100F	6	6FC23AC0F1A6	204	21600	5	224		21	0				oxy_pt100mg_mloxyav_fr5_6h	0	8	0
05/10/19	9:37:58	oxyWLI100F	6	6FC23AC0F1A6	209	21600	5	1102		127	0				oxy_pt100mg_mloxyav_fr5_6h	0	7	0
05/15/2019	9:48:47	oxyWLI100F	14	6FC23AC0F1A6	206	21600	5	1188	3783	122	0				oxy_pt100mg_mloxyav_fr5_6h	0	9	0
05/17/2019	9:25:56	oxyWLI100F	14	6FC23AC0F1A6	213	21600	5	1243	3843	135	0				oxy_pt100mg_mloxyav_fr5_6h	0	10	0
05/20/19	9:29:09	oxyWLI100F	14	6FC23AC0F1A6	207	21600	5	1117	5174	129	0				oxy_pt100mg_mloxyav_fr5_6h	0	11	0
05/22/2019	9:53:35	oxyWLI100F	14	6FC23AC0F1A6	207	21600	5	1294	934	145	0				oxy_pt100mg_mloxyav_fr5_6h	0	12	0
05/24/2019	9:50:53	oxyWLI100F	14	6FC23AC0F1A6	212	21600	5	596	1961	60	0				oxy_pt100mg_mloxyav_fr5_6h	0	13	0
05/27/2019	9:29:08	oxyWLI100F	14	6FC23AC0F1A6	210	21600	5	987	5048	102	0				oxy_pt100mg_mloxyav_fr5_6h	0	14	0
05/29/2019	9:29:55	oxyWLI100F	14	6FC23AC0F1A6	217	21600	5	814	5744	53	0				oxy_pt100mg_mloxyav_fr5_6h	0	15	0
04/01/2019	14:44:14	oxyWLI100M	2	6FC23AC07A2D	263	3600	5	329	184	15	0				oxy_pt200mg_mloxyav_fr5	0	1	0
04/02/2019	10:31:39	oxyWLI100M	2	6FC23AC07A2D	259	3600	5	139	40	6	0				oxy_pt100mg_mloxyav_fr5_1h	0	2	0
04/03/2019	10:52:22	oxyWLI100M	2	6FC23AC07A2D	264	3600	5	344	99	22	0				oxy_pt100mg_mloxyav_fr5_1h	0	3	0
04/04/2019	10:57:38	oxyWLI100M	2	6FC23AC07A2D	272	3600	5	188	57	18	0				oxy_pt100mg_mloxyav_fr5_1h	0	4	0
04/05/2019	10:35:08	oxyWLI100M	2	6FC23AC07A2D	272	3600	5	437	64	17	0				oxy_pt100mg_mloxyav_fr5_1h	0	5	0
04/08/2019	10:18:18	oxyWLI100M	2	6FC23AC07A2D	286	21600	5	1796	234	148	0				oxy_pt100mg_mloxyav_fr5_6h	0	6	0
04/10/2019	10:16:07	oxyWLI100M	2	6FC23AC07A2D	286	21600	5	800	39	73	0				oxy_pt100mg_mloxyav_fr5_6h	0	7	0
04/12/2019	9:39:29	oxyWLI100M	2	6FC23AC07A2D	289	21600	5	911	40	64	0				oxy_pt100mg_mloxyav_fr5_6h	0	8	0
04/15/2019	10:43:32	oxyWLI100M	2	6FC23AC07A2D	302	21600	5	1487	41	115	0				oxy_pt100mg_mloxyav_fr5_6h	0	9	0
04/17/2019	9:30:24	oxyWLI100M	2	6FC23AC07A2D	218	21600	5	1496	66	101	0				oxy_pt100mg_mloxyav_fr5_6h	0	10	0
04/19/2019	10:22:19	oxyWLI100M	2	6FC23AC07A2D	315	21600	5	1306	35	101	0				oxy_pt100mg_mloxyav_fr5_6h	0	11	0
04/22/2019	11:01:55	oxyWLI100M	2	6FC23AC07A2D	327	21600	5	2122	68	134	0				oxy_pt100mg_mloxyav_fr5_6h	0	12	0
04/26/2019	9:34:43	oxyWLI100M	2	6FC23AC07A2D	338	21600	5	2511	41	126	0				oxy_pt100mg_mloxyav_fr5_6h	0	13	0
04/29/2019	9:41:04	oxyWLI100M	2	6FC23AC07A2D	257	21600	5	1980	106	119	0				oxy_pt100mg_mloxyav_fr5_6h	0	14	0
05/01/19	10:02:34	oxyWLI100M	2	6FC23AC07A2D	352	21600	5	1620	42	101	0				oxy_pt100mg_mloxyav_fr5_6h	0	15	0
05/06/2019	13:59:10	oxyWLI100M	2	6FC23AC07A2D	372	5103	10	395	22	11	2				oxy_pt100mg_mloxyav_pr	0	16	0
05/08/2019	11:04:47	oxyWLI100M	2	6FC23AC07A2D	372	7035	10	299	10	11	1				oxy_pt100mg_mloxyav_pr	0	17	0
05/10/2019	11:44:31	oxyWLI100M	2	6FC23AC07A2D	372	7200	10	100	10	6	1				oxy_pt100mg_mlext_2h		18	
05/13/2019	10:08:53	oxyWLI100M	2	6FC23AC07A2D	384	7200	10	15	48	1	3				oxy_pt100mg_mlext_2h		19	
05/14/19	11:21:22	oxyWLI100M	9	6FC23AC07A2D	385	7200	10	11		1	0				oxy_pt100mg_mlext_2h		20	
05/15/19	9:53:53	oxyWLI100M	8	6FC23AC07A2D	390	7200	5	54		4	0				cleanspoutoxyav_fr5_2h	0	21	0
05/21/2019	14:13:01	oxyWLI100M	2	6FC23AC07A2D	402	7200	5	218	210	15	0				cleanspoutoxyav_fr5_2h	0	22	0
04/01/2019	14:44:14	oxyWLI100M	1	6FC23AC07B2C	257	3600	5	456	269	21	0				oxy_pt200mg_mloxyav_fr5	0	1	0
04/02/2019	10:31:39	oxyWLI100M	1	6FC23AC07B2C	256	3600	5	73	183	5	0				oxy_pt100mg_mloxyav_fr5_1h	0	2	0
04/03/2019	10:52:21	oxyWLI100M	1	6FC23AC07B2C	258	3600	5	212	78	6	0				oxy_pt100mg_mloxyav_fr5_1h	0	3	0
04/04/2019	10:57:38	oxyWLI100M	1	6FC23AC07B2C	266	3600	5	104	55	6	0				oxy_pt100mg_mloxyav_fr5_1h	0	4	0
04/05/2019	10:35:08	oxyWLI100M	1	6FC23AC07B2C	267	3600	5	101	113	5	0				oxy_pt100mg_mloxyav_fr5_1h	0	5	0
04/08/2019	10:18:18	oxyWLI100M	1	6FC23AC07B2C	276	21600	5	2723	1431	124	0				oxy_pt100mg_mloxyav_fr5_6h	0	6	0
04/10/2019	10:16:07	oxyWLI100M	1	6FC23AC07B2C	280	21600	5	1966	324	78	0				oxy_pt100mg_mloxyav_fr5_6h	0	7	0
04/12/2019	9:39:28	oxyWLI100M	1	6FC23AC07B2C	284	21600	5	1433	86	68	0				oxy_pt100mg_mloxyav_fr5_6h	0	8	0
04/15/2019	10:43:31	oxyWLI100M	1	6FC23AC07B2C	297	21600	5	1688	54	72	0				oxy_pt100mg_mloxyav_fr5_6h	0	9	0
04/17/2019	9:30:24	oxyWLI100M	1	6FC23AC07B2C	218	21600	5	1711	1771	73	0				oxy_pt100mg_mloxyav_fr5_6h	0	10	0
04/19/2019	10:22:19	oxyWLI100M	1	6FC23AC07B2C	306	21600	5	2095	61	75	0				oxy_pt100mg_mloxyav_fr5_6h	0	11	0
04/22/2019	11:01:55	oxyWLI100M	1	6FC23AC07B2C	318	21600	5	1707	811	80	0				oxy_pt100mg_mloxyav_fr5_6h	1	12	0
04/26/2019	9:34:43	oxyWLI100M	1	6FC23AC07B2C	323	21600	5	3056	240	127	0				oxy_pt100mg_mloxyav_fr5_6h	0	13	0
04/29/2019	9:41:04	oxyWLI100M	1	6FC23AC07B2C	257	21600	5	2326	3120	103	0				oxy_pt100mg_mloxyav_fr5_6h	0	14	0
05/01/19	10:02:34	oxyWLI100M	1	6FC23AC07B2C	332	21600	5	1930	8801	74	0				oxy_pt100mg_mloxyav_fr5_6h	0	15	0
05/06/2019	13:59:09	oxyWLI100M	1	6FC23AC07B2C	352	7360	10	609	104	13	6				oxy_pt100mg_mloxyav_pr	0	16	0
05/08/2019	11:04:47	oxyWLI100M	1	6FC23AC07B2C	346	9382	10	538	456	12	12				oxy_pt100mg_mloxyav_pr	0	17	0
05/10/2019	11:44:31	oxyWLI100M	1	6FC23AC07B2C	346	7200	10	117	3006	7	61				oxy_pt100mg_mlext_2h		18	
05/13/2019	10:08:53	oxyWLI100M	1	6FC23AC07B2C	354	7200	10	59	2056	3	54				oxy_pt100mg_mlext_2h		19	
05/14/19	11:21:22	oxyWLI100M	8	6FC23AC07B2C	357	7200	10	121		8	0				oxy_pt100mg_mlext_2h		20	
05/15/19	9:53:53	oxyWLI100M	7	6FC23AC07B2C	359	7200	5	51		2	0				cleanspoutoxyav_fr5_2h	0	21	0
05/21/2019	14:13:01	oxyWLI100M	1	6FC23AC07B2C	373	7200	5	1989	4218	61	0				cleanspoutoxyav_fr5_2h	0	22	0
04/22/2019	9:34:34	oxyWLI100M	6	6FC23AC0DA8D	259	3600	5	224	113	8	0				oxy_pt100mg_mloxyav_fr5_1h	0	1	0
04/23/2019	10:18:41	oxyWLI100M	6	6FC23AC0DA8D	260	3600	5	162	64	6	0				oxy_pt100mg_mloxyav_fr5_1h	0	2	0
04/24/2019	9:22:04	oxyWLI100M	6	6FC23AC0DA8D	268	3600	5	197	5	7	0				oxy_pt100mg_mloxyav_fr5_1h	0	3	0
04/25/2019	9:48:54	oxyWLI100M	6	6FC23AC0DA8D	266	3600	5	237	92	8	0				oxy_pt100mg_mloxyav_fr5_1h	0	4	0
04/26/2019	15:56:43	oxyWLI100M	6	6FC23AC0DA8D	278	3600	5	592	110	23	0				oxy_pt100mg_mloxyav_fr5_1h	0	5	0
05/15/2019	9:48:47	oxyWLI100M	6	6FC23AC0DA8D	331	21600	5	631	119	38	0				oxy_pt100mg_mloxyav_fr5_6h	0	6	0
05/17/2019	9:25:56	oxyWLI100M	6	6FC23AC0DA8D	334	21600	5	365	68	24	0				oxy_pt100mg_mloxyav_fr5_6h	0	7	0
05/20/19	9:29:09	oxyWLI100M	6	6FC23AC0DA8D	336	21600	5	537	34	33	0				oxy_pt100mg_mloxyav_fr5_6h	0	8	0
05/22/2019	9:53:35	oxyWLI100M	6	6FC23AC0DA8D	347	21600	5	400	26	29	0				oxy_pt100mg_mloxyav_fr5_6h	0	9	0
05/24/2019	9:50:53	oxyWLI100M	6	6FC23AC0DA8D	351	21600	5	243	51	14	0				oxy_pt100mg_mloxyav_fr5_6h	0	10	0
05/27/2019	9:29:08	oxyWLI100M	6	6FC23AC0DA8D	357	21600	5	417	20	24	0				oxy_pt100mg_mloxyav_fr5_6h	0	11	0
05/29/2019	9:29:55	oxyWLI100M	6	6FC23AC0DA8D	356	21600	5	744	22	41	0				oxy_pt100mg_mloxyav_fr5_6h	0	12	0
05/31/2019	9:24:43	oxyWLI100M	6	6FC23AC0DA8D	361	21600	5	605	16	38	0				oxy_pt100mg_mloxyav_fr5_6h	0	13	0
04/22/2019	9:34:34	oxyWLI100M	7	6FC23AC0DB8C	254	3600	5	208	1	11	0				oxy_pt100mg_mloxyav_fr5_1h	0	1	0
04/23/2019	10:18:41	oxyWLI100M	7	6FC23AC0DB8C	259	3600	5	146	1	9	0				oxy_pt100mg_mloxyav_fr5_1h	0	2	0
04/24/2019	9:22:04	oxyWLI100M	7	6FC23AC0DB8C	263	3600	5	107	27	6	0				oxy_pt100mg_mloxyav_fr5_1h	0	3	0
04/25/2019	9:48:54	oxyWLI100M	7	6FC23AC0DB8C	268	3600	5	54		4	0				oxy_pt100mg_mloxyav_fr5_1h	0	4	0
04/26/2019	15:56:43	oxyWLI100M	7	6FC23AC0DB8C	279	3600	5	190	56	10	0				oxy_pt100mg_mloxyav_fr5_1h	0	5	0
05/01/19	9:52:51	oxyWLI100M	11	6FC23AC0DB8C	282	21600	5	620		25	0				oxy_pt100mg_mloxyav_fr5_6h	0	6	0
05/06/19	10:26:13	oxyWLI100M	11	6FC23AC0DB8C	298	21600	5	716		37	0				oxy_pt100mg_mloxyav_fr5_6h	0	8	0
05/10/19	9:37:58	oxyWLI100M	11	6FC23AC0DB8C	307	21600	5	859		49	0				oxy_pt100mg_mloxyav_fr5_6h	0	7	0
05/15/2019	9:48:47	oxyWLI100M	7	6FC23AC0DB8C	318	21600	5	733	96	36	0				oxy_pt100mg_mloxyav_fr5_6h	0	9	0
05/17/2019	9:25:56	oxyWLI100M	7	6FC23AC0DB8C	323	21600	5	817	75	33	0				oxy_pt100mg_mloxyav_fr5_6h	0	10	0
05/20/19	9:29:09	oxyWLI100M	7	6FC23AC0DB8C	327	21600	5	713	48	30	0				oxy_pt100mg_mloxyav_fr5_6h	0	11	0
05/22/2019	9:53:35	oxyWLI100M	7	6FC23AC0DB8C	333	21600	5	518	173	20	0				oxy_pt100mg_mloxyav_fr5_6h	0	12	0
05/24/2019	9:50:53	oxyWLI100M	7	6FC23AC0DB8C	334	21600	5	655	28	27	0				oxy_pt100mg_mloxyav_fr5_6h	0	13	0
05/27/2019	9:29:08	oxyWLI100M	7	6FC23AC0DB8C	344	21600	5	585	24	30	0				oxy_pt100mg_mloxyav_fr5_6h	0	14	0
05/29/2019	9:29:55	oxyWLI100M	7	6FC23AC0DB8C	344	21600	5	508	30	22	0				oxy_pt100mg_mloxyav_fr5_6h	0	15	0
04/22/2019	9:34:34	oxyWLI100M	8	6FC23AC0E1B6	258	3600	5	381	145	17	0				oxy_pt100mg_mloxyav_fr5_1h	0	1	0
04/23/2019	10:18:41	oxyWLI100M	8	6FC23AC0E1B6	264	3600	5	273	171	19	0				oxy_pt100mg_mloxyav_fr5_1h	0	2	0
04/24/2019	9:22:04	oxyWLI100M	8	6FC23AC0E1B6	265	3600	5	214	80	15	0				oxy_pt100mg_mloxyav_fr5_1h	0	3	0
04/25/2019	9:48:54	oxyWLI100M	8	6FC23AC0E1B6	271	3600	5	140	56	7	0				oxy_pt100mg_mloxyav_fr5_1h	0	4	0
04/26/2019	15:56:43	oxyWLI100M	8	6FC23AC0E1B6	283	3600	5	131	138	15	0				oxy_pt100mg_mloxyav_fr5_1h	0	5	0
05/01/19	9:52:51	oxyWLI100M	12	6FC23AC0E1B6	288	21600	5	576		38	0				oxy_pt100mg_mloxyav_fr5_6h	0	6	0
05/06/19	10:26:13	oxyWLI100M	12	6FC23AC0E1B6	307	21600	5	757		55	0				oxy_pt100mg_mloxyav_fr5_6h	0	8	0
05/10/19	9:37:58	oxyWLI100M	12	6FC23AC0E1B6	316	21600	5	1156		67	0				oxy_pt100mg_mloxyav_fr5_6h	0	7	0
05/15/2019	9:48:47	oxyWLI100M	8	6FC23AC0E1B6	328	21600	5	665	601	43	0				oxy_pt100mg_mloxyav_fr5_6h	0	9	0
05/17/2019	9:25:56	oxyWLI100M	8	6FC23AC0E1B6	331	21600	5	649	92	39	0				oxy_pt100mg_mloxyav_fr5_6h	0	10	0
05/20/19	9:29:09	oxyWLI100M	8	6FC23AC0E1B6	334	21600	5	714	92	38	0				oxy_pt100mg_mloxyav_fr5_6h	0	11	0
05/22/2019	9:53:35	oxyWLI100M	8	6FC23AC0E1B6	344	21600	5	687	40	45	0				oxy_pt100mg_mloxyav_fr5_6h	0	12	0
05/24/2019	9:50:53	oxyWLI100M	8	6FC23AC0E1B6	349	21600	5	611	32	34	0				oxy_pt100mg_mloxyav_fr5_6h	0	13	0
05/27/2019	9:29:08	oxyWLI100M	8	6FC23AC0E1B6	355	21600	5	777	9	42	0				oxy_pt100mg_mloxyav_fr5_6h	0	14	0
05/29/2019	9:29:55	oxyWLI100M	8	6FC23AC0E1B6	356	21600	5	441	73	19	0				oxy_pt100mg_mloxyav_fr5_6h	0	15	0
04/29/2019	10:32:06	oxyWLI100M	8	6FC23AC0EDBA	257	3600	5	269	167	10	0				oxy_pt100mg_mloxyav_fr5_1h	0	1	0
05/01/19	10:02:34	oxyWLI100M	8	6FC23AC0EDBA	264	3600	5	93	119	4	0				oxy_pt100mg_mloxyav_fr5_1h	0	2	0
05/02/2019	9:55:05	oxyWLI100M	8	6FC23AC0EDBA	269	3600	5	121	15	7	0				oxy_pt100mg_mloxyav_fr5_1h	0	3	0
05/06/2019	13:59:10	oxyWLI100M	8	6FC23AC0EDBA	284	3600	5	232	20	13	0				oxy_pt100mg_mloxyav_fr5_1h	0	4	0
05/07/2019	9:45:59	oxyWLI100M	8	6FC23AC0EDBA	282	3600	5	227	66	9	0				oxy_pt100mg_mloxyav_fr5_1h	0	5	0
05/08/2019	11:04:47	oxyWLI100M	8	6FC23AC0EDBA	285	3600	5	185	68	8	0				oxy_pt100mg_mloxyav_fr5_1h	0	6	0
05/10/2019	10:00:35	oxyWLI100M	8	6FC23AC0EDBA	285	21600	5	845	352	35	0				oxy_pt100mg_mloxyav_fr5_6h	0	7	0
05/13/2019	10:08:53	oxyWLI100M	8	6FC23AC0EDBA	300	21600	5	764	382	44	0				oxy_pt100mg_mloxyav_fr5_6h	0	8	0
05/15/19	9:53:53	oxyWLI100M	12	6FC23AC0EDBA	302	7200	5	57		5	0				oxy_pt100mg_mloxyav_fr5_6h	0	9	0
05/17/2019	9:25:56	oxyWLI100M	4	6FC23AC0EDBA	304	21600	5	753	207	32	0				oxy_pt100mg_mloxyav_fr5_6h	0	10	0
05/20/19	9:29:09	oxyWLI100M	4	6FC23AC0EDBA	313	21600	5	745	102	32	0				oxy_pt100mg_mloxyav_fr5_6h	0	11	0
05/22/2019	9:53:35	oxyWLI100M	4	6FC23AC0EDBA	318	21600	5	698	31	36	0				oxy_pt100mg_mloxyav_fr5_6h	0	12	0
05/24/2019	9:50:53	oxyWLI100M	4	6FC23AC0EDBA	322	21600	5	1053	40	45	0				oxy_pt100mg_mloxyav_fr5_6h	0	13	0
05/27/2019	9:29:08	oxyWLI100M	4	6FC23AC0EDBA	330	21600	5	1451	45	54	0				oxy_pt100mg_mloxyav_fr5_6h	0	14	0
05/29/2019	9:29:55	oxyWLI100M	4	6FC23AC0EDBA	336	21600	5	958	31	46	0				oxy_pt100mg_mloxyav_fr5_6h	0	15	0
04/01/2019	14:44:14	oxyWMI100F	13	6FC23AC0C99E	134	3600	5	142	32	7	0				oxy_pt200mg_mloxyav_fr5	0	1	0
04/02/2019	10:31:39	oxyWMI100F	13	6FC23AC0C99E	134	3600	5	546	104	29	0				oxy_pt100mg_mloxyav_fr5_1h	0	2	0
04/03/2019	10:52:22	oxyWMI100F	13	6FC23AC0C99E	134	3600	5	341	217	17	0				oxy_pt100mg_mloxyav_fr5_1h	0	3	0
04/04/2019	10:57:38	oxyWMI100F	13	6FC23AC0C99E	136	3600	5	1141	122	53	0				oxy_pt100mg_mloxyav_fr5_1h	0	4	0
04/05/2019	10:35:08	oxyWMI100F	13	6FC23AC0C99E	136	3600	5	513	11	43	0				oxy_pt100mg_mloxyav_fr5_1h	0	5	0
04/08/2019	10:18:18	oxyWMI100F	13	6FC23AC0C99E	144	21600	5	3348	125	225	0				oxy_pt100mg_mloxyav_fr5_6h	0	6	0
04/10/2019	10:16:07	oxyWMI100F	13	6FC23AC0C99E	141	21600	5	1951	33	158	0				oxy_pt100mg_mloxyav_fr5_6h	0	7	0
04/12/2019	9:39:29	oxyWMI100F	13	6FC23AC0C99E	147	21600	5	2084	57	176	0				oxy_pt100mg_mloxyav_fr5_6h	0	8	0
04/15/2019	10:43:32	oxyWMI100F	13	6FC23AC0C99E	153	21600	5	3240	27	251	0				oxy_pt100mg_mloxyav_fr5_6h	0	9	0
04/17/2019	9:30:24	oxyWMI100F	13	6FC23AC0C99E	218	21600	5	2033	11	211	0				oxy_pt100mg_mloxyav_fr5_6h	0	10	0
04/19/2019	10:22:19	oxyWMI100F	13	6FC23AC0C99E	159	21600	5	1165	44	135	0				oxy_pt100mg_mloxyav_fr5_6h	0	11	0
04/22/2019	11:01:55	oxyWMI100F	13	6FC23AC0C99E	158	21600	5	1232	76	135	0				oxy_pt100mg_mloxyav_fr5_6h	0	12	0
04/26/2019	9:34:43	oxyWMI100F	13	6FC23AC0C99E	164	21600	5	1195	4	125	0				oxy_pt100mg_mloxyav_fr5_6h	0	13	0
04/29/2019	9:41:04	oxyWMI100F	13	6FC23AC0C99E	257	21600	5	1418	13	139	0				oxy_pt100mg_mloxyav_fr5_6h	0	14	0
05/01/19	10:02:34	oxyWMI100F	13	6FC23AC0C99E	174	21600	5	2775	81	185	0				oxy_pt100mg_mloxyav_fr5_6h	0	15	0
05/06/2019	13:59:10	oxyWMI100F	13	6FC23AC0C99E	186	7964	10	537	4	13	0				oxy_pt100mg_mloxyav_pr	0	16	0
05/08/2019	11:04:47	oxyWMI100F	13	6FC23AC0C99E	175	14072	10	689	23	14	2				oxy_pt100mg_mloxyav_pr	0	17	0
05/10/2019	11:50:51	oxyWMI100F	13	6FC23AC0C99E	180	7200	10	163	50	10	2				oxy_pt100mg_mlext_2h		18	
05/13/2019	10:08:53	oxyWMI100F	13	6FC23AC0C99E	180	7200	10	183	37	4	3				oxy_pt100mg_mlext_2h		19	
05/14/19	11:21:22	oxyWMI100F	5	6FC23AC0C99E	183	7200	10	111		5	0				oxy_pt100mg_mlext_2h			
05/15/19	9:53:53	oxyWMI100F	5	6FC23AC0C99E	183	7200	10	39		2	0				oxy_pt100mg_mlext_2h		20	
05/16/19	9:37:44	oxyWMI100F	15	6FC23AC0C99E	185	7200	5	363	102	24	0				cleanspoutoxyav_fr5_2h	0	21	0
05/21/2019	14:13:01	oxyWMI100F	13	6FC23AC0C99E	190	7200	5	922	69	28	0				cleanspoutoxyav_fr5_2h	0	22	0
04/22/2019	9:34:34	oxyWMI100F	11	6FC23AC0CC9B	148	3600	5	259	103	12	0				oxy_pt100mg_mloxyav_fr5_6h	0	1	0
04/23/2019	10:18:41	oxyWMI100F	11	6FC23AC0CC9B	149	3600	5	104	15	7	0				oxy_pt100mg_mloxyav_fr5_6h	0	2	0
04/24/2019	9:22:04	oxyWMI100F	11	6FC23AC0CC9B	150	3600	5	349	151	16	0				oxy_pt100mg_mloxyav_fr5_6h	0	3	0
04/25/2019	9:48:54	oxyWMI100F	11	6FC23AC0CC9B	152	3600	5	258	54	11	0				oxy_pt100mg_mloxyav_fr5_1h	0	4	0
04/26/2019	15:56:43	oxyWMI100F	11	6FC23AC0CC9B	152	3600	5	298	11	13	0				oxy_pt100mg_mloxyav_fr5_1h	0	5	0
05/01/19	9:52:51	oxyWMI100F	3	6FC23AC0CC9B	158	21600	5	2383		97	0				oxy_pt100mg_mloxyav_fr5_6h	0	6	0
05/06/19	10:26:12	oxyWMI100F	3	6FC23AC0CC9B	169	21600	5	4494		238	0				oxy_pt100mg_mloxyav_fr5_6h	0	8	0
05/10/19	9:37:58	oxyWMI100F	3	6FC23AC0CC9B	163	21600	5	2942		189	0				oxy_pt100mg_mloxyav_fr5_6h	0	7	0
05/15/2019	9:48:47	oxyWMI100F	11	6FC23AC0CC9B	169	21600	5	1784	138	91	0				oxy_pt100mg_mloxyav_fr5_6h	0	9	0
05/17/2019	9:25:56	oxyWMI100F	11	6FC23AC0CC9B	170	21600	5	1472	100	78	0				oxy_pt100mg_mloxyav_fr5_6h	0	10	0
05/20/19	9:29:09	oxyWMI100F	11	6FC23AC0CC9B	175	21600	5	1324	41	67	0				oxy_pt100mg_mloxyav_fr5_6h	0	11	0
05/22/2019	9:53:35	oxyWMI100F	11	6FC23AC0CC9B	178	21600	5	1453	49	82	0				oxy_pt100mg_mloxyav_fr5_6h	0	12	0
05/24/2019	9:50:53	oxyWMI100F	11	6FC23AC0CC9B	179	21600	5	928	16	47	0				oxy_pt100mg_mloxyav_fr5_6h	0	13	0
05/27/2019	9:29:08	oxyWMI100F	11	6FC23AC0CC9B	186	21600	5	1540	48	73	0				oxy_pt100mg_mloxyav_fr5_6h	0	14	0
05/29/2019	9:29:55	oxyWMI100F	11	6FC23AC0CC9B	190	21600	5	1042	15	58	0				oxy_pt100mg_mloxyav_fr5_6h	0	15	0
04/01/2019	14:44:14	oxyWMI100F	12	6FC23AC0D483	134	3600	5	65	64	4	0				oxy_pt200mg_mloxyav_fr5	0	1	0
04/02/2019	10:31:39	oxyWMI100F	12	6FC23AC0D483	135	3600	5	130	136	4	0				oxy_pt100mg_mloxyav_fr5_1h	0	2	0
04/03/2019	10:52:22	oxyWMI100F	12	6FC23AC0D483	134	3600	5	189	43	7	0				oxy_pt100mg_mloxyav_fr5_1h	0	3	0
04/04/2019	10:57:38	oxyWMI100F	12	6FC23AC0D483	134	3600	5	156	148	13	0				oxy_pt100mg_mloxyav_fr5_1h	0	4	0
04/05/2019	10:35:08	oxyWMI100F	12	6FC23AC0D483	135	3600	5	96	54	11	0				oxy_pt100mg_mloxyav_fr5_1h	0	5	0
04/08/2019	10:18:18	oxyWMI100F	12	6FC23AC0D483	146	21600	5	409	59	37	0				oxy_pt100mg_mloxyav_fr5_6h	0	6	0
04/10/2019	10:16:07	oxyWMI100F	12	6FC23AC0D483	143	21600	5	462	27	53	0				oxy_pt100mg_mloxyav_fr5_6h	0	7	0
04/12/2019	9:39:29	oxyWMI100F	12	6FC23AC0D483	147	21600	5	558	71	55	0				oxy_pt100mg_mloxyav_fr5_6h	0	8	0
04/15/2019	10:43:32	oxyWMI100F	12	6FC23AC0D483	153	21600	5	628	18	54	0				oxy_pt100mg_mloxyav_fr5_6h	0	9	0
04/17/2019	9:30:24	oxyWMI100F	12	6FC23AC0D483	218	21600	5	583	65	65	0				oxy_pt100mg_mloxyav_fr5_6h	0	10	0
04/19/2019	10:22:19	oxyWMI100F	12	6FC23AC0D483	153	21600	5	406	21	38	0				oxy_pt100mg_mloxyav_fr5_6h	0	11	0
04/22/2019	11:01:55	oxyWMI100F	12	6FC23AC0D483	156	21600	5	688	68	61	0				oxy_pt100mg_mloxyav_fr5_6h	0	12	0
04/26/2019	9:34:43	oxyWMI100F	12	6FC23AC0D483	156	21600	5	1091	7	66	0				oxy_pt100mg_mloxyav_fr5_6h	0	13	0
04/29/2019	9:41:04	oxyWMI100F	12	6FC23AC0D483	257	21600	5	1120	5	98	0				oxy_pt100mg_mloxyav_fr5_6h	0	14	0
05/01/19	10:02:34	oxyWMI100F	12	6FC23AC0D483	160	3600	5	327	3	17	0				oxy_pt100mg_mloxyav_fr5_6h	0	15	0
05/06/2019	13:59:10	oxyWMI100F	12	6FC23AC0D483	171	9397	10	530	4	12	0				oxy_pt100mg_mloxyav_pr	0	16	0
05/08/2019	11:04:47	oxyWMI100F	12	6FC23AC0D483	165	6568	10	290	13	9	1				oxy_pt100mg_mloxyav_pr	0	17	0
05/10/2019	11:50:51	oxyWMI100F	12	6FC23AC0D483	168	7200	10	81	36	5	2				oxy_pt100mg_mlext_2h		18	
05/13/2019	10:08:53	oxyWMI100F	12	6FC23AC0D483	170	7200	10	53	38	2	2				oxy_pt100mg_mlext_2h		19	
05/14/19	11:21:22	oxyWMI100F	4	6FC23AC0D483	172	7200	10	92		6	0				oxy_pt100mg_mlext_2h		20	
05/15/19	9:53:53	oxyWMI100F	4	6FC23AC0D483	169	7200	5	89		14	0				cleanspoutoxyav_fr5_2h	0	21	0
05/21/2019	14:13:01	oxyWMI100F	12	6FC23AC0D483	180	7200	5	350	50	17	0				cleanspoutoxyav_fr5_2h	0	22	0
04/22/2019	9:34:34	oxyWMI100F	9	6FC23AC0DD8A	145	3600	5	645	105	21	0				oxy_pt100mg_mloxyav_fr5_6h	513	1	0
04/23/2019	10:18:41	oxyWMI100F	9	6FC23AC0DD8A	146	3600	5	545	97	20	0				oxy_pt100mg_mloxyav_fr5_6h	124	2	0
04/24/2019	9:22:04	oxyWMI100F	9	6FC23AC0DD8A	147	3600	5	503	152	25	0				oxy_pt100mg_mloxyav_fr5_6h	294	3	0
04/25/2019	9:48:54	oxyWMI100F	9	6FC23AC0DD8A	148	3600	5	1207	39	56	0				oxy_pt100mg_mloxyav_fr5_1h	63	4	0
04/26/2019	15:56:43	oxyWMI100F	9	6FC23AC0DD8A	151	3600	5	330	78	17	0				oxy_pt100mg_mloxyav_fr5_1h	94	5	0
05/01/19	9:52:51	oxyWMI100F	1	6FC23AC0DD8A	157	21600	5	4020		227	0				oxy_pt100mg_mloxyav_fr5_6h	0	6	0
05/06/19	10:26:12	oxyWMI100F	1	6FC23AC0DD8A	167	21600	5	2638		180	0				oxy_pt100mg_mloxyav_fr5_6h	0	8	0
05/10/19	9:37:58	oxyWMI100F	1	6FC23AC0DD8A	166	21600	5	1949		158	0				oxy_pt100mg_mloxyav_fr5_6h	0	7	0
05/15/2019	9:48:47	oxyWMI100F	9	6FC23AC0DD8A	166	21600	5	1562	229	106	0				oxy_pt100mg_mloxyav_fr5_6h	842	9	0
05/17/2019	9:25:56	oxyWMI100F	9	6FC23AC0DD8A	167	21600	5	2102	108	169	0				oxy_pt100mg_mloxyav_fr5_6h	473	10	0
05/20/19	9:29:09	oxyWMI100F	9	6FC23AC0DD8A	173	21600	5	992	563	82	0				oxy_pt100mg_mloxyav_fr5_6h	9377	11	0
05/22/2019	9:53:35	oxyWMI100F	9	6FC23AC0DD8A	180	21600	5	1384	371	126	0				oxy_pt100mg_mloxyav_fr5_6h	24954	12	0
05/24/2019	9:50:53	oxyWMI100F	9	6FC23AC0DD8A	176	21600	5	1146	224	91	0				oxy_pt100mg_mloxyav_fr5_6h	24434	13	0
05/27/2019	9:29:08	oxyWMI100F	9	6FC23AC0DD8A	182	21600	5	1206	38	113	0				oxy_pt100mg_mloxyav_fr5_6h	14933	14	0
05/29/2019	9:29:55	oxyWMI100F	9	6FC23AC0DD8A	183	21600	5	1156	65	89	0				oxy_pt100mg_mloxyav_fr5_6h	15716	15	0
04/01/2019	14:44:14	oxyWMI100F	14	6FC23AC0EEB9	136	3600	5	106	244	13	0				oxy_pt200mg_mloxyav_fr5	0	1	0
04/02/2019	10:31:39	oxyWMI100F	14	6FC23AC0EEB9	135	3600	5	262	240	18	0				oxy_pt100mg_mloxyav_fr5_1h	0	2	0
04/03/2019	10:52:22	oxyWMI100F	14	6FC23AC0EEB9	133	3600	5	159	153	16	0				oxy_pt100mg_mloxyav_fr5_1h	0	3	0
04/04/2019	10:57:38	oxyWMI100F	14	6FC23AC0EEB9	139	3600	5	449	66	17	0				oxy_pt100mg_mloxyav_fr5_1h	0	4	0
04/05/2019	10:35:08	oxyWMI100F	14	6FC23AC0EEB9	141	3600	5	132	44	13	0				oxy_pt100mg_mloxyav_fr5_1h	0	5	0
04/08/2019	10:18:18	oxyWMI100F	14	6FC23AC0EEB9	148	21600	5	1305	242	81	0				oxy_pt100mg_mloxyav_fr5_6h	0	6	0
04/10/2019	10:16:07	oxyWMI100F	14	6FC23AC0EEB9	145	21600	5	1355	150	127	0				oxy_pt100mg_mloxyav_fr5_6h	0	7	0
04/12/2019	9:39:29	oxyWMI100F	14	6FC23AC0EEB9	152	21600	5	625	245	72	0				oxy_pt100mg_mloxyav_fr5_6h	0	8	0
04/15/2019	10:43:32	oxyWMI100F	14	6FC23AC0EEB9	155	21600	5	1053	188	77	0				oxy_pt100mg_mloxyav_fr5_6h	0	9	0
04/17/2019	9:30:24	oxyWMI100F	14	6FC23AC0EEB9	218	21600	5	1711	128	106	0				oxy_pt100mg_mloxyav_fr5_6h	0	10	0
04/19/2019	10:22:19	oxyWMI100F	14	6FC23AC0EEB9	161	21600	5	1361	78	75	0				oxy_pt100mg_mloxyav_fr5_6h	0	11	0
04/22/2019	11:01:55	oxyWMI100F	14	6FC23AC0EEB9	159	21600	5	1499	162	104	0				oxy_pt100mg_mloxyav_fr5_6h	0	12	0
04/26/2019	9:34:43	oxyWMI100F	14	6FC23AC0EEB9	166	21600	5	1075	282	75	0				oxy_pt100mg_mloxyav_fr5_6h	0	13	0
04/29/2019	9:41:04	oxyWMI100F	14	6FC23AC0EEB9	257	21600	5	1780	3454	108	0				oxy_pt100mg_mloxyav_fr5_6h	0	14	0
05/01/19	10:02:34	oxyWMI100F	14	6FC23AC0EEB9	167	21600	5	1468	6264	94	0				oxy_pt100mg_mloxyav_fr5_6h	0	15	0
05/06/2019	13:59:10	oxyWMI100F	14	6FC23AC0EEB9	181	9507	10	564	3942	13	76				oxy_pt100mg_mloxyav_pr	0	16	0
05/08/2019	11:04:47	oxyWMI100F	14	6FC23AC0EEB9	177	1726	10	208	1374	7	15				oxy_pt100mg_mloxyav_pr	0	17	0
05/10/2019	11:50:51	oxyWMI100F	14	6FC23AC0EEB9	179	7200	10	242	748	13	21				oxy_pt100mg_mlext_2h		18	
05/13/2019	10:08:53	oxyWMI100F	14	6FC23AC0EEB9	181	7200	10	138	1181	8	31				oxy_pt100mg_mlext_2h		19	
05/14/19	11:21:22	oxyWMI100F	6	6FC23AC0EEB9	184	7200	10	107		6	0				oxy_pt100mg_mlext_2h			
05/15/19	9:53:53	oxyWMI100F	6	6FC23AC0EEB9	187	7200	10	90		5	0				oxy_pt100mg_mlext_2h		20	
05/16/19	9:37:44	oxyWMI100F	16	6FC23AC0EEB9	186	7200	5	310		23	0				cleanspoutoxyav_fr5_2h	0	21	0
05/21/2019	14:13:01	oxyWMI100F	14	6FC23AC0EEB9	193	7200	5	364	498	29	0				cleanspoutoxyav_fr5_2h	0	22	0
04/22/2019	9:34:34	oxyWMI100F	10	6FC23AC0F0A7	146	3600	5	68	171	10	0				oxy_pt100mg_mloxyav_fr5_6h	0	1	0
04/23/2019	10:18:41	oxyWMI100F	10	6FC23AC0F0A7	146	3600	5	335	93	15	0				oxy_pt100mg_mloxyav_fr5_6h	0	2	0
04/24/2019	9:22:04	oxyWMI100F	10	6FC23AC0F0A7	149	3600	5	242	116	10	0				oxy_pt100mg_mloxyav_fr5_6h	0	3	0
04/25/2019	9:48:54	oxyWMI100F	10	6FC23AC0F0A7	151	3600	5	232	43	9	0				oxy_pt100mg_mloxyav_fr5_1h	0	4	0
04/26/2019	15:56:43	oxyWMI100F	10	6FC23AC0F0A7	152	3600	5	192	72	10	0				oxy_pt100mg_mloxyav_fr5_1h	0	5	0
05/01/19	9:52:51	oxyWMI100F	2	6FC23AC0F0A7	154	21600	5	1534		96	0				oxy_pt100mg_mloxyav_fr5_6h	0	6	0
05/06/19	10:26:12	oxyWMI100F	2	6FC23AC0F0A7	166	21600	5	2052		141	0				oxy_pt100mg_mloxyav_fr5_6h	0	8	0
05/10/19	9:37:58	oxyWMI100F	2	6FC23AC0F0A7	163	21600	5	2045		145	0				oxy_pt100mg_mloxyav_fr5_6h	0	7	0
05/15/2019	9:48:47	oxyWMI100F	10	6FC23AC0F0A7	168	21600	5	1214	67	90	0				oxy_pt100mg_mloxyav_fr5_6h	0	9	0
05/17/2019	9:25:56	oxyWMI100F	10	6FC23AC0F0A7	167	21600	5	1425	38	105	0				oxy_pt100mg_mloxyav_fr5_6h	0	10	0
05/20/19	9:29:09	oxyWMI100F	10	6FC23AC0F0A7	172	21600	5	1225	66	106	0				oxy_pt100mg_mloxyav_fr5_6h	0	11	0
05/22/2019	9:53:35	oxyWMI100F	10	6FC23AC0F0A7	177	21600	5	1461	51	86	0				oxy_pt100mg_mloxyav_fr5_6h	0	12	0
05/24/2019	9:50:53	oxyWMI100F	10	6FC23AC0F0A7	176	21600	5	1143	75	88	0				oxy_pt100mg_mloxyav_fr5_6h	0	13	0
05/27/2019	9:29:08	oxyWMI100F	10	6FC23AC0F0A7	184	21600	5	1188	20	90	0				oxy_pt100mg_mloxyav_fr5_6h	0	14	0
05/29/2019	9:29:55	oxyWMI100F	10	6FC23AC0F0A7	178	21600	5	1114	22	71	0				oxy_pt100mg_mloxyav_fr5_6h	0	15	0
04/22/2019	9:34:34	oxyWMI100M	5	6FC23AC0E7B0	209	3600	5	1141	43	40	0				oxy_pt100mg_mloxyav_fr5_1h	0	1	0
04/23/2019	10:18:41	oxyWMI100M	5	6FC23AC0E7B0	210	3600	5	3571	79	48	0				oxy_pt100mg_mloxyav_fr5_1h	0	2	0
04/24/2019	9:22:04	oxyWMI100M	5	6FC23AC0E7B0	212	3600	5	678	33	26	0				oxy_pt100mg_mloxyav_fr5_1h	0	3	0
04/25/2019	9:48:54	oxyWMI100M	5	6FC23AC0E7B0	215	3600	5	347	8	26	0				oxy_pt100mg_mloxyav_fr5_1h	0	4	0
04/26/2019	15:56:43	oxyWMI100M	5	6FC23AC0E7B0	219	3600	5	814	19	32	0				oxy_pt100mg_mloxyav_fr5_1h	0	5	0
05/01/19	9:52:51	oxyWMI100M	9	6FC23AC0E7B0	225	21600	5	702		26	0				oxy_pt100mg_mloxyav_fr5_6h	0	6	0
05/06/19	10:26:13	oxyWMI100M	9	6FC23AC0E7B0	241	21600	5	2280		110	0				oxy_pt100mg_mloxyav_fr5_6h	0	8	0
05/10/19	9:37:58	oxyWMI100M	9	6FC23AC0E7B0	248	21600	5	2346		108	0				oxy_pt100mg_mloxyav_fr5_6h	0	7	0
05/15/2019	9:48:47	oxyWMI100M	5	6FC23AC0E7B0	255	21600	5				0				oxy_pt100mg_mloxyav_fr5_6h	0	9	0
05/17/2019	9:25:56	oxyWMI100M	5	6FC23AC0E7B0	264	21491	5				0				oxy_pt100mg_mloxyav_fr5_6h	0		0
05/20/19	9:29:09	oxyWMI100M	5	6FC23AC0E7B0	271	12636	5				0				oxy_pt100mg_mloxyav_fr5_6h	0		0
05/22/2019	9:53:35	oxyWMI100M	5	6FC23AC0E7B0	274	8169	5				0				oxy_pt100mg_mloxyav_fr5_6h	0		0
05/24/2019	9:50:53	oxyWMI100M	5	6FC23AC0E7B0	277	21600	5	3079	2726	89	0				oxy_pt100mg_mloxyav_fr5_6h	0	14	0
05/27/2019	9:29:08	oxyWMI100M	5	6FC23AC0E7B0	281	21600	5	5983	1807	157	0				oxy_pt100mg_mloxyav_fr5_6h	0	15	0
05/29/2019	9:29:55	oxyWMI100M	5	6FC23AC0E7B0	283	21600	5	1413	1520	77	0				oxy_pt100mg_mloxyav_fr5_6h	0	16	0
04/01/2019	14:44:14	oxyWMI100M	6	6FC23AC0E8BF	180	3600	5	335	68	16	0				oxy_pt200mg_mloxyav_fr5	0	1	0
04/02/2019	10:31:39	oxyWMI100M	6	6FC23AC0E8BF	178	3600	5	332	11	14	0				oxy_pt100mg_mloxyav_fr5_1h	0	2	0
04/03/2019	10:52:22	oxyWMI100M	6	6FC23AC0E8BF	179	3600	5	475	26	20	0				oxy_pt100mg_mloxyav_fr5_1h	0	3	0
04/04/2019	10:57:38	oxyWMI100M	6	6FC23AC0E8BF	183	3600	5	416	9	24	0				oxy_pt100mg_mloxyav_fr5_1h	0	4	0
04/05/2019	10:35:08	oxyWMI100M	6	6FC23AC0E8BF	186	3600	5	281	97	16	0				oxy_pt100mg_mloxyav_fr5_1h	0	5	0
04/08/2019	10:18:18	oxyWMI100M	6	6FC23AC0E8BF	198	21600	5	2018	56	124	0				oxy_pt100mg_mloxyav_fr5_6h	0	6	0
04/10/2019	10:16:07	oxyWMI100M	6	6FC23AC0E8BF	201	21600	5	1477	88	84	0				oxy_pt100mg_mloxyav_fr5_6h	0	7	0
04/12/2019	9:39:29	oxyWMI100M	6	6FC23AC0E8BF	202	21600	5	1053	24	71	0				oxy_pt100mg_mloxyav_fr5_6h	0	8	0
04/15/2019	10:43:32	oxyWMI100M	6	6FC23AC0E8BF	215	21600	5	1655	18	93	0				oxy_pt100mg_mloxyav_fr5_6h	0	9	0
04/17/2019	9:30:24	oxyWMI100M	6	6FC23AC0E8BF	218	21600	5	1808	67	90	0				oxy_pt100mg_mloxyav_fr5_6h	0	10	0
04/19/2019	10:22:19	oxyWMI100M	6	6FC23AC0E8BF	219	21600	5	2221	24	190	0				oxy_pt100mg_mloxyav_fr5_6h	0	11	0
04/22/2019	11:01:55	oxyWMI100M	6	6FC23AC0E8BF	228	21600	5	2099	144	145	0				oxy_pt100mg_mloxyav_fr5_6h	0	12	0
04/26/2019	9:34:43	oxyWMI100M	6	6FC23AC0E8BF	230	21600	5	2015	17	136	0				oxy_pt100mg_mloxyav_fr5_6h	0	13	0
04/29/2019	9:41:04	oxyWMI100M	6	6FC23AC0E8BF	257	21600	5	1833	27	122	0				oxy_pt100mg_mloxyav_fr5_6h	0	14	0
05/01/19	10:02:34	oxyWMI100M	6	6FC23AC0E8BF	238	21600	5	2900	29	176	0				oxy_pt100mg_mloxyav_fr5_6h	0	15	0
05/06/2019	13:59:10	oxyWMI100M	6	6FC23AC0E8BF	253	9792	10	400	16	11	1				oxy_pt100mg_mloxyav_pr	0	16	0
05/08/2019	11:04:47	oxyWMI100M	6	6FC23AC0E8BF	252	19915	10	597	59	14	2				oxy_pt100mg_mloxyav_pr	0	17	0
05/10/2019	11:44:31	oxyWMI100M	6	6FC23AC0E8BF	253	7200	10	61	9	4	0				oxy_pt100mg_mlext_2h		18	
05/13/2019	10:08:53	oxyWMI100M	6	6FC23AC0E8BF	260	7200	10	62	6	2	0				oxy_pt100mg_mlext_2h		19	
05/14/19	11:21:22	oxyWMI100M	11	6FC23AC0E8BF	262	7200	10	109	0	5	0				oxy_pt100mg_mlext_2h		20	
05/21/2019	14:13:01	oxyWMI100M	5	6FC23AC0E8BF	267	7200	5	1361	1018	66	0				cleanspoutoxyav_fr5_2h	0	21	0
04/01/2019	14:44:14	oxyWMI100M	7	6FC23AC0EABD	187	3600	5	102	163	8	0				oxy_pt200mg_mloxyav_fr5	0	1	0
04/02/2019	10:31:39	oxyWMI100M	7	6FC23AC0EABD	184	3600	5	270	30	10	0				oxy_pt100mg_mloxyav_fr5_1h	0	2	0
04/03/2019	10:52:22	oxyWMI100M	7	6FC23AC0EABD	186	3600	5	169	13	8	0				oxy_pt100mg_mloxyav_fr5_1h	0	3	0
04/04/2019	10:57:38	oxyWMI100M	7	6FC23AC0EABD	190	3600	5	45	16	2	0				oxy_pt100mg_mloxyav_fr5_1h	0	4	0
04/05/2019	10:35:08	oxyWMI100M	7	6FC23AC0EABD	194	3600	5	39	22	2	0				oxy_pt100mg_mloxyav_fr5_1h	0	5	0
04/08/2019	10:18:18	oxyWMI100M	7	6FC23AC0EABD	202	21600	5	1558	76	55	0				oxy_pt100mg_mloxyav_fr5_6h	0	6	0
04/10/2019	10:16:07	oxyWMI100M	7	6FC23AC0EABD	206	21600	5	2304	111	86	0				oxy_pt100mg_mloxyav_fr5_6h	0	7	0
04/12/2019	9:39:29	oxyWMI100M	7	6FC23AC0EABD	209	21600	5	2433	40	102	0				oxy_pt100mg_mloxyav_fr5_6h	0	8	0
04/15/2019	10:43:32	oxyWMI100M	7	6FC23AC0EABD	218	21600	5	3484	31	159	0				oxy_pt100mg_mloxyav_fr5_6h	0	9	0
04/17/2019	9:30:24	oxyWMI100M	7	6FC23AC0EABD	218	21600	5	2905	82	162	0				oxy_pt100mg_mloxyav_fr5_6h	0	10	0
04/19/2019	10:22:19	oxyWMI100M	7	6FC23AC0EABD	222	21600	5	2613	176	106	0				oxy_pt100mg_mloxyav_fr5_6h	0	11	0
04/22/2019	11:01:55	oxyWMI100M	7	6FC23AC0EABD	230	21600	5	2970	152	134	0				oxy_pt100mg_mloxyav_fr5_6h	0	12	0
04/26/2019	9:34:43	oxyWMI100M	7	6FC23AC0EABD	237	21600	5	3878	0	212	0				oxy_pt100mg_mloxyav_fr5_6h	0	13	0
04/29/2019	9:41:04	oxyWMI100M	7	6FC23AC0EABD	257	21600	5	3413	26	175	0				oxy_pt100mg_mloxyav_fr5_6h	0	14	0
05/01/19	10:02:34	oxyWMI100M	7	6FC23AC0EABD	249	21600	5	2767	29	128	0				oxy_pt100mg_mloxyav_fr5_6h	0	15	0
05/06/2019	13:59:10	oxyWMI100M	7	6FC23AC0EABD	261	6236	10	332	0	11	0				oxy_pt100mg_mloxyav_pr	0	16	0
05/08/2019	11:04:47	oxyWMI100M	7	6FC23AC0EABD	261	14606	10	638	2	13	0				oxy_pt100mg_mloxyav_pr	0	17	0
05/10/2019	11:44:31	oxyWMI100M	7	6FC23AC0EABD	266	7200	10	254	20	10	1				oxy_pt100mg_mlext_2h		18	
05/13/2019	10:08:53	oxyWMI100M	7	6FC23AC0EABD	271	7200	10	109	6	5	0				oxy_pt100mg_mlext_2h		19	
05/14/19	11:21:22	oxyWMI100M	12	6FC23AC0EABD	271	7200	10	134	0	7	0				oxy_pt100mg_mlext_2h			
05/15/19	9:53:53	oxyWMI100M	11	6FC23AC0EABD	271	7200	10	70	0	3	0				oxy_pt100mg_mlext_2h		20	
05/16/19	9:37:44	oxyWMI100M	6	6FC23AC0EABD	271	7200	5	173	30	12	0				cleanspoutoxyav_fr5_2h	0	21	0
05/21/2019	14:13:01	oxyWMI100M	6	6FC23AC0EABD	279	7200	5	282	65	23	0				cleanspoutoxyav_fr5_2h	0	22	0
04/01/2019	14:44:14	oxyWMI100M	5	6FC23AC0F7A0	186	3600	5	467	139	35	0				oxy_pt200mg_mloxyav_fr5	0	1	0
04/02/2019	10:31:39	oxyWMI100M	5	6FC23AC0F7A0	182	3600	5	295	10	25	0				oxy_pt100mg_mloxyav_fr5_1h	0	2	0
04/03/2019	10:52:22	oxyWMI100M	5	6FC23AC0F7A0	185	3600	5	185	34	17	0				oxy_pt100mg_mloxyav_fr5_1h	0	3	0
04/04/2019	10:57:38	oxyWMI100M	5	6FC23AC0F7A0	191	3600	5	492	13	22	0				oxy_pt100mg_mloxyav_fr5_1h	0	4	0
04/05/2019	10:35:08	oxyWMI100M	5	6FC23AC0F7A0	195	3600	5	403	80	23	0				oxy_pt100mg_mloxyav_fr5_1h	0	5	0
04/08/2019	10:18:18	oxyWMI100M	5	6FC23AC0F7A0	204	13305	5		34		0				oxy_pt100mg_mloxyav_fr5_6h	0	6	0
04/10/2019	10:16:07	oxyWMI100M	5	6FC23AC0F7A0	205	21600	5	1365	48	71	0				oxy_pt100mg_mloxyav_fr5_6h	0	7	0
04/12/2019	9:39:29	oxyWMI100M	5	6FC23AC0F7A0	208	21600	5	463	401	62	0				oxy_pt100mg_mloxyav_fr5_6h	0	8	0
04/15/2019	10:43:32	oxyWMI100M	5	6FC23AC0F7A0	220	21600	5	312	200	47	0				oxy_pt100mg_mloxyav_fr5_6h	0	9	0
04/17/2019	9:30:24	oxyWMI100M	5	6FC23AC0F7A0	218	17078	5		53		0				oxy_pt100mg_mloxyav_fr5_6h	0	10	0
04/19/2019	10:22:19	oxyWMI100M	5	6FC23AC0F7A0	224	21600	5	795	162	71	0				oxy_pt100mg_mloxyav_fr5_6h	0	11	0
04/22/2019	11:01:55	oxyWMI100M	5	6FC23AC0F7A0	229	21600	5	6701	35	208	0				oxy_pt100mg_mloxyav_fr5_6h	0	12	0
04/26/2019	9:34:43	oxyWMI100M	5	6FC23AC0F7A0	237	21600	5	647	134	82	0				oxy_pt100mg_mloxyav_fr5_6h	0	13	0
04/29/2019	9:41:04	oxyWMI100M	5	6FC23AC0F7A0	257	21600	5	2067	149	153	0				oxy_pt100mg_mloxyav_fr5_6h	0	14	0
05/01/19	10:02:34	oxyWMI100M	5	6FC23AC0F7A0	241	21600	5	5022	103	227	0				oxy_pt100mg_mloxyav_fr5_6h	0	15	0
05/06/2019	13:59:10	oxyWMI100M	5	6FC23AC0F7A0	254	9823	10	1966	12	19	1				oxy_pt100mg_mloxyav_pr	0	16	0
05/08/2019	11:04:47	oxyWMI100M	5	6FC23AC0F7A0	250	20178	10	4282	43	23	3				oxy_pt100mg_mloxyav_pr	0	17	0
05/10/2019	11:44:31	oxyWMI100M	5	6FC23AC0F7A0	256	7200	10	1504	26	37	2				oxy_pt100mg_mlext_2h		18	
05/13/2019	10:08:53	oxyWMI100M	5	6FC23AC0F7A0	263	7200	10	2092	93	38	6				oxy_pt100mg_mlext_2h		19	
05/15/19	9:53:53	oxyWMI100M	9	6FC23AC0F7A0	269	7200	10	106	0	5	0				oxy_pt100mg_mlext_2h		20	
05/21/2019	14:13:01	oxyWMI100M	4	6FC23AC0F7A0	281	7200	5	121	74	8	0				cleanspoutoxyav_fr5_2h	0	21	0
04/22/2019	9:34:34	oxyWMI100M	2	6FC23AC0F8AF	200	3600	5	140	231	7	0				oxy_pt100mg_mloxyav_fr5_1h	0	1	0
04/23/2019	10:18:41	oxyWMI100M	2	6FC23AC0F8AF	199	3600	5	69	50	8	0				oxy_pt100mg_mloxyav_fr5_1h	0	2	0
04/24/2019	9:22:04	oxyWMI100M	2	6FC23AC0F8AF	201	3600	5	10	12	2	0				oxy_pt100mg_mloxyav_fr5_1h	0	3	0
04/25/2019	9:48:53	oxyWMI100M	2	6FC23AC0F8AF	206	3600	5	65	35	3	0				oxy_pt100mg_mloxyav_fr5_1h	0	4	0
04/26/2019	15:56:43	oxyWMI100M	2	6FC23AC0F8AF	211	3600	5	42	54	5	0				oxy_pt100mg_mloxyav_fr5_1h	0	5	0
05/01/19	9:52:51	oxyWMI100M	8	6FC23AC0F8AF	215	21600	5	1402	0	41	0				oxy_pt100mg_mloxyav_fr5_6h	0	6	0
05/06/19	10:26:13	oxyWMI100M	8	6FC23AC0F8AF	228	21600	5	987	0	45	0				oxy_pt100mg_mloxyav_fr5_6h	0	8	0
05/10/19	9:37:58	oxyWMI100M	8	6FC23AC0F8AF	233	21600	5	1247	0	56	0				oxy_pt100mg_mloxyav_fr5_6h	0	7	0
05/15/2019	9:48:47	oxyWMI100M	2	6FC23AC0F8AF	239	21600	5	1085	100	48	0				oxy_pt100mg_mloxyav_fr5_6h	0	9	0
05/17/2019	9:25:56	oxyWMI100M	2	6FC23AC0F8AF	242	21600	5	1228	429	47	0				oxy_pt100mg_mloxyav_fr5_6h	0	10	0
05/20/19	9:29:09	oxyWMI100M	2	6FC23AC0F8AF	249	21600	5	1434	401	59	0				oxy_pt100mg_mloxyav_fr5_6h	0	11	0
05/22/2019	9:53:35	oxyWMI100M	2	6FC23AC0F8AF	254	21600	5	1578	200	65	0				oxy_pt100mg_mloxyav_fr5_6h	0	12	0
05/24/2019	9:50:53	oxyWMI100M	2	6FC23AC0F8AF	254	21600	5	1238	152	51	0				oxy_pt100mg_mloxyav_fr5_6h	0	13	0
05/27/2019	9:29:08	oxyWMI100M	2	6FC23AC0F8AF	263	21600	5	1222	76	56	0				oxy_pt100mg_mloxyav_fr5_6h	0	14	0
05/29/2019	9:29:55	oxyWMI100M	2	6FC23AC0F8AF	264	21600	5	986	117	46	0				oxy_pt100mg_mloxyav_fr5_6h	0	15	0
04/22/2019	9:34:34	oxyWMI100M	1	6FC23AC0F9AE	220	3600	5	44	94	7	0				oxy_pt100mg_mloxyav_fr5_1h	0	1	0
04/23/2019	10:18:41	oxyWMI100M	1	6FC23AC0F9AE	220	3600	5	29	7	3	0				oxy_pt100mg_mloxyav_fr5_1h	0	2	0
04/24/2019	9:22:04	oxyWMI100M	1	6FC23AC0F9AE	224	3600	5	12	55	2	0				oxy_pt100mg_mloxyav_fr5_1h	0	3	0
04/25/2019	9:48:53	oxyWMI100M	1	6FC23AC0F9AE	225	3600	5	11	5	1	0				oxy_pt100mg_mloxyav_fr5_1h	0	4	0
04/26/2019	15:56:43	oxyWMI100M	1	6FC23AC0F9AE	234	3600	5	90	230	11	0				oxy_pt100mg_mloxyav_fr5_1h	0	5	0
05/01/19	9:52:51	oxyWMI100M	7	6FC23AC0F9AE	240	21600	5	1204	0	49	0				oxy_pt100mg_mloxyav_fr5_6h	0	6	0
05/06/19	10:26:13	oxyWMI100M	7	6FC23AC0F9AE	251	21600	5	2056	0	102	0				oxy_pt100mg_mloxyav_fr5_6h	0	8	0
05/10/19	9:37:58	oxyWMI100M	7	6FC23AC0F9AE	260	21600	5	1782	0	97	0				oxy_pt100mg_mloxyav_fr5_6h	0	7	0
05/15/2019	9:48:47	oxyWMI100M	1	6FC23AC0F9AE	266	21600	5	1459	2459	78	0				oxy_pt100mg_mloxyav_fr5_6h	0	9	0
05/17/2019	9:25:56	oxyWMI100M	1	6FC23AC0F9AE	272	21600	5	6092	1714	93	0				oxy_pt100mg_mloxyav_fr5_6h	0	10	0
05/20/19	9:29:09	oxyWMI100M	1	6FC23AC0F9AE	277	21600	5	7988	5711	129	0				oxy_pt100mg_mloxyav_fr5_6h	1	11	0
05/22/2019	9:53:35	oxyWMI100M	1	6FC23AC0F9AE	282	21600	5	995	12565	47	0				oxy_pt100mg_mloxyav_fr5_6h	0	12	0
05/24/2019	9:50:53	oxyWMI100M	1	6FC23AC0F9AE	281	21600	5	1066	8639	57	0				oxy_pt100mg_mloxyav_fr5_6h	0	13	0
05/27/2019	9:29:08	oxyWMI100M	1	6FC23AC0F9AE	291	21600	5	928	22254	53	0				oxy_pt100mg_mloxyav_fr5_6h	0	14	0
05/29/2019	9:29:55	oxyWMI100M	1	6FC23AC0F9AE	297	21600	5	626	11371	33	0				oxy_pt100mg_mloxyav_fr5_6h	0	15	0
